{
    "n0": {
        "precision": 0.5,
        "recall": 0.2692307692307692,
        "f1-score": 0.35,
        "support": 26.0
    },
    "n1": {
        "precision": 0.5277777777777778,
        "recall": 0.6785714285714286,
        "f1-score": 0.59375,
        "support": 28.0
    },
    "n2": {
        "precision": 0.8571428571428571,
        "recall": 0.8888888888888888,
        "f1-score": 0.8727272727272727,
        "support": 27.0
    },
    "n3": {
        "precision": 0.84,
        "recall": 0.7,
        "f1-score": 0.7636363636363637,
        "support": 30.0
    },
    "n4": {
        "precision": 0.39285714285714285,
        "recall": 0.4230769230769231,
        "f1-score": 0.4074074074074074,
        "support": 26.0
    },
    "n5": {
        "precision": 0.5652173913043478,
        "recall": 0.4642857142857143,
        "f1-score": 0.5098039215686274,
        "support": 28.0
    },
    "n6": {
        "precision": 0.8181818181818182,
        "recall": 0.6923076923076923,
        "f1-score": 0.75,
        "support": 26.0
    },
    "n7": {
        "precision": 0.4418604651162791,
        "recall": 0.6785714285714286,
        "f1-score": 0.5352112676056338,
        "support": 28.0
    },
    "n8": {
        "precision": 0.8,
        "recall": 0.4444444444444444,
        "f1-score": 0.5714285714285714,
        "support": 27.0
    },
    "n9": {
        "precision": 0.42105263157894735,
        "recall": 0.6153846153846154,
        "f1-score": 0.5,
        "support": 26.0
    },
    "accuracy": 0.5882352941176471,
    "macro avg": {
        "precision": 0.6164090083959171,
        "recall": 0.5854761904761905,
        "f1-score": 0.5853964804373877,
        "support": 272.0
    },
    "weighted avg": {
        "precision": 0.6189455746635224,
        "recall": 0.5882352941176471,
        "f1-score": 0.5881592521719508,
        "support": 272.0
    }
}