{
    "train_loss": [
        2.876797621534864,
        2.183357115756846,
        1.982068038138891,
        1.797677336330292,
        1.6645626947895005,
        1.6152752347718398,
        1.5381872710468776,
        1.5109508374439333,
        1.458729080862638,
        1.3897079058745392,
        1.3246725471647849,
        1.2502343622032033,
        1.2507688016813239,
        1.210057564616312,
        1.2779039857381023
    ],
    "train_accuracy": [
        0.16681859617137648,
        0.195077484047402,
        0.2880583409298086,
        0.3062898814949863,
        0.39653600729261623,
        0.4029170464904284,
        0.44667274384685507,
        0.45305378304466726,
        0.45396536007292615,
        0.4822242479489517,
        0.5086599817684594,
        0.5241567912488605,
        0.5487693710118505,
        0.5670009115770283,
        0.5350957155879672
    ],
    "train_f1": [
        0.15762758661923654,
        0.17381729024504702,
        0.2638310779055549,
        0.2957943225372145,
        0.37876181821010096,
        0.39787518290980217,
        0.4357987845267508,
        0.43930664558391397,
        0.44622383782212766,
        0.47626930300384923,
        0.5009961470894952,
        0.5119753579016487,
        0.5444178181788779,
        0.55971340200863,
        0.530002013634932
    ],
    "validation_loss": [
        2.039622433045331,
        1.856299175935633,
        2.0043360065011417,
        1.6656649603563196,
        1.4677516397307901,
        1.4306820701150333,
        1.5192579837406384,
        1.424419459174661,
        1.2987254156785852,
        1.3270791663843042,
        1.2655997486675488,
        1.2349605875856735,
        1.160988954936757,
        1.1808365162681131,
        1.1899293100132662
    ],
    "validation_accuracy": [
        0.25,
        0.33088235294117646,
        0.33455882352941174,
        0.40441176470588236,
        0.47794117647058826,
        0.4889705882352941,
        0.4522058823529412,
        0.4852941176470588,
        0.5588235294117647,
        0.5661764705882353,
        0.5845588235294118,
        0.5919117647058824,
        0.5441176470588235,
        0.5735294117647058,
        0.5882352941176471
    ],
    "validation_f1": [
        0.17657388778062816,
        0.24433034719642982,
        0.27909670435281564,
        0.38231842058388443,
        0.44439982330796324,
        0.4647449639968876,
        0.3980273554784496,
        0.4839807674968818,
        0.5381248165225339,
        0.5434954805893779,
        0.5821342066335911,
        0.584729734942879,
        0.5400268407589379,
        0.5522715179864369,
        0.5853964804373877
    ]
}