{
    "train_loss": [
        2.0934256083767524,
        1.5504020024345697,
        1.061254678037673,
        0.7306581511210613,
        0.521886308354036,
        0.3951083389921632,
        0.32525527678301036,
        0.2709036700923332,
        0.23444379261654946,
        0.19798394823030874,
        0.1759794520429839,
        0.15197988592067846
    ],
    "train_accuracy": [
        0.365542388331814,
        0.796718322698268,
        0.8714676390154968,
        0.9088422971741112,
        0.9252506836827712,
        0.9425706472196901,
        0.9516864175022789,
        0.9525979945305378,
        0.9525979945305378,
        0.9626253418413856,
        0.9735642661804923,
        0.9653600729261622
    ],
    "train_f1": [
        0.3691953480994016,
        0.7967697476695279,
        0.8705282972129078,
        0.9082723570322553,
        0.9241249047427177,
        0.9419579907707151,
        0.951115641163492,
        0.9526665944647584,
        0.9523960097600958,
        0.9623347526641932,
        0.9732999277131794,
        0.9650621552231587
    ],
    "validation_loss": [
        1.716998899684233,
        1.0962131233776318,
        0.6690056113635793,
        0.42954374060911293,
        0.2937297224998474,
        0.2181099030901404,
        0.1830310558571535,
        0.14804487894563115,
        0.128085996298229,
        0.10889419650330263,
        0.09453613530187045,
        0.08965100523303537
    ],
    "validation_accuracy": [
        0.8235294117647058,
        0.9154411764705882,
        0.9485294117647058,
        0.9558823529411765,
        0.9595588235294118,
        0.9705882352941176,
        0.9742647058823529,
        0.9852941176470589,
        0.9779411764705882,
        0.9816176470588235,
        0.9816176470588235,
        0.9816176470588235
    ],
    "validation_f1": [
        0.8214596509481286,
        0.9159630909245274,
        0.9487583912811306,
        0.9557472363773127,
        0.9592550004511147,
        0.9701730669300602,
        0.9739756640123465,
        0.9852347588452481,
        0.9776707469819197,
        0.98137429833253,
        0.98137429833253,
        0.98137429833253
    ]
}