{
    "model_name": "EfficientNet-B0",
    "accuracy": 0.9852941176470589,
    "precision_macro": 0.9853174603174603,
    "recall_macro": 0.9855453805453805,
    "macro_f1": 0.9852347588452481,
    "top_3_accuracy": 1.0,
    "model_path": "C:\\Users\\User\\monkey-species-ai-product\\models\\efficientnet_monkey_classifier.pth",
    "checkpoint_epoch": 8,
    "best_validation_f1_from_training": 0.9852347588452481
}